titulo;clasificacion;nivel_clasificacion;puntuacion;estreno;temporadas
Fantasia;G;General Audiences. Suitable for all ages.;35;1940;5
Fantasia;G;General Audiences. Suitable for all ages.;35;1940;5
Fantasia;G;General Audiences. Suitable for all ages.;35;1940;1
The Smurfs and the Magic Flute;G;General Audiences. Suitable for all ages.;35;1976;3
The Smurfs and the Magic Flute;G;General Audiences. Suitable for all ages.;35;1976;3
The Smurfs and the Magic Flute;G;General Audiences. Suitable for all ages.;35;1976;3
The Smurfs and the Magic Flute;G;General Audiences. Suitable for all ages.;35;1976;5
Grease;PG;Parental guidance suggested. May not be suitable for children.;60;1978;3
Grease;PG;Parental guidance suggested. May not be suitable for children.;60;1978;1
Annie;PG;adult content and mld violence;60;1982;7
The Last Unicorn;G;General Audiences. Suitable for all ages.;35;1982;7
The Last Unicorn;G;General Audiences. Suitable for all ages.;35;1982;3
Annie;PG;adult content and mld violence;60;1982;3
The Last Unicorn;G;General Audiences. Suitable for all ages.;35;1982;3
Annie;PG;adult content and mld violence;60;1982;7
An American Tail;G;General Audiences. Suitable for all ages.;35;1986;3
An American Tail;G;General Audiences. Suitable for all ages.;35;1986;5
An American Tail;G;General Audiences. Suitable for all ages.;35;1986;7
An American Tail;G;General Audiences. Suitable for all ages.;35;1986;5
Harry and the Hendersons;PG;Parental guidance suggested. May not be suitable for children.;60;1987;3
Harry and the Hendersons;PG;Parental guidance suggested. May not be suitable for children.;60;1987;3
The Super Mario Bros. Super Show!;TV-Y7;Suitable for children ages 7 and older;41;1989;5
Honey, I Shrunk the Kids;PG;Parental guidance suggested. May not be suitable for children.;60;1989;1
The Real Ghostbusters;TV-Y7;Suitable for children ages 7 and older;41;1990;5
Jetsons: The Movie;G;General Audiences. Suitable for all ages.;35;1990;5
The Real Ghostbusters;TV-Y7;Suitable for children ages 7 and older;41;1990;1
The Real Ghostbusters;TV-Y7;Suitable for children ages 7 and older;41;1990;5
Jetsons: The Movie;G;General Audiences. Suitable for all ages.;35;1990;1
The Real Ghostbusters;TV-Y7;Suitable for children ages 7 and older;41;1990;5
Jetsons: The Movie;G;General Audiences. Suitable for all ages.;35;1990;7
An American Tail: Fievel Goes West;G;General Audiences. Suitable for all ages.;35;1991;5
An American Tail: Fievel Goes West;G;General Audiences. Suitable for all ages.;35;1991;5
An American Tail: Fievel Goes West;G;General Audiences. Suitable for all ages.;35;1991;1
An American Tail: Fievel Goes West;G;General Audiences. Suitable for all ages.;35;1991;3
An American Tail: Fievel Goes West;G;General Audiences. Suitable for all ages.;35;1991;5
FernGully: The Last Rainforest;G;General Audiences. Suitable for all ages.;35;1992;1
FernGully: The Last Rainforest;G;General Audiences. Suitable for all ages.;35;1992;3
The Nightmare Before Christmas;PG;some scary images;60;1993;3
We're Back! A Dinosaur's Story;G;General Audiences. Suitable for all ages.;35;1993;5
The Nightmare Before Christmas;PG;some scary images;60;1993;7
Cool Runnings;PG;Parental guidance suggested. May not be suitable for children.;60;1993;7
Homeward Bound: The Incredible Journey;G;General Audiences. Suitable for all ages.;35;1993;5
Cool Runnings;PG;Parental guidance suggested. May not be suitable for children.;60;1993;3
We're Back! A Dinosaur's Story;G;General Audiences. Suitable for all ages.;35;1993;7
The Very Hungry Caterpillar and Other Stories;TV-Y;Suitable for all ages.;10;1993;5
Cool Runnings;PG;Parental guidance suggested. May not be suitable for children.;60;1993;7
We're Back! A Dinosaur's Story;G;General Audiences. Suitable for all ages.;35;1993;3
Cool Runnings;PG;Parental guidance suggested. May not be suitable for children.;60;1993;3
Homeward Bound: The Incredible Journey;G;General Audiences. Suitable for all ages.;35;1993;1
We're Back! A Dinosaur's Story;G;General Audiences. Suitable for all ages.;35;1993;5
Cool Runnings;PG;Parental guidance suggested. May not be suitable for children.;60;1993;3
The Little Rascals;PG;some rude dialogue;60;1994;3
The Little Rascals;PG;some rude dialogue;60;1994;3
The Little Rascals;PG;some rude dialogue;60;1994;3
Baby's Day Out;PG;mild language and comic action;60;1994;3
Blank Check;PG;Parental guidance suggested. May not be suitable for children.;60;1994;3
D2: The Mighty Ducks;PG;some mild language and rough hockey action;60;1994;3
Balto;G;General Audiences. Suitable for all ages.;35;1995;7
Balto;G;General Audiences. Suitable for all ages.;35;1995;5
Balto;G;General Audiences. Suitable for all ages.;35;1995;3
Balto;G;General Audiences. Suitable for all ages.;35;1995;3
Balto;G;General Audiences. Suitable for all ages.;35;1995;7
Heavyweights;PG;some rude language and pranks;60;1995;1
Power Rangers Zeo;TV-Y7-FV;Suitable for children ages 7 and older.  Content contains fantasy violence.;42;1996;7
Ninja Turtles: The Next Mutation;TV-Y7-FV;Suitable for children ages 7 and older.  Content contains fantasy violence.;42;1997;5
Flubber;PG;slapstick action and mild language;60;1997;1
The Magic School Bus;TV-Y;Suitable for all ages.;10;1997;7
Anastasia;G;General Audiences. Suitable for all ages.;35;1997;1
Missione Hamburger;PG;language, some comic violence and mild sex-related humor;60;1997;3
The Magic School Bus;TV-Y;Suitable for all ages.;10;1997;7
Anastasia;G;General Audiences. Suitable for all ages.;35;1997;1
Pooh's Grand Adventure: The Search for Christopher Robin;G;General Audiences. Suitable for all ages.;35;1997;1
The Brave Little Toaster to the Rescue;G;General Audiences. Suitable for all ages.;35;1997;1
The Magic School Bus;TV-Y;Suitable for all ages.;10;1997;5
Animaniacs;TV-Y7;Suitable for children ages 7 and older;41;1997;7
Flubber;PG;slapstick action and mild language;60;1997;3
Anastasia;G;General Audiences. Suitable for all ages.;35;1997;5
The Brave Little Toaster to the Rescue;G;General Audiences. Suitable for all ages.;35;1997;3
Ninja Turtles: The Next Mutation;TV-Y7-FV;Suitable for children ages 7 and older.  Content contains fantasy violence.;42;1997;7
Anastasia;G;General Audiences. Suitable for all ages.;35;1997;5
Pooh's Grand Adventure: The Search for Christopher Robin;G;General Audiences. Suitable for all ages.;35;1997;5
The Brave Little Toaster to the Rescue;G;General Audiences. Suitable for all ages.;35;1997;5
The Magic School Bus;TV-Y;Suitable for all ages.;10;1997;1
Animaniacs;TV-Y7;Suitable for children ages 7 and older;41;1997;3
Anastasia;G;General Audiences. Suitable for all ages.;35;1997;3
Pooh's Grand Adventure: The Search for Christopher Robin;G;General Audiences. Suitable for all ages.;35;1997;5
The Brave Little Toaster to the Rescue;G;General Audiences. Suitable for all ages.;35;1997;1
Animaniacs;TV-Y7;Suitable for children ages 7 and older;41;1997;1
Mr. Magoo;PG;mild language and action sequences;60;1997;5
Flubber;PG;slapstick action and mild language;60;1997;7
Anastasia;G;General Audiences. Suitable for all ages.;35;1997;5
The Magic School Bus;TV-Y;Suitable for all ages.;10;1997;3
The Waterboy;PG-13;language and some crude sexual humor;80;1998;7
The Waterboy;PG-13;language and some crude sexual humor;80;1998;3
Goosebumps;TV-Y7;Suitable for children ages 7 and older;41;1998;7
Antz;PG;moderate adult language and intense action;60;1998;5
Goosebumps;TV-Y7;Suitable for children ages 7 and older;41;1998;5
Antz;PG;moderate adult language and intense action;60;1998;3
Babe: Pig in the City;G;General Audiences. Suitable for all ages.;35;1998;5
The Prince of Egypt;PG;intense scenes dealing with strong content;60;1998;7
Paulie;PG;Parental guidance suggested. May not be suitable for children.;60;1998;5
Pocahontas II: Journey to a New World;TV-G;Suitable for all ages.;35;1998;5
FernGully 2: The Magical Rescue;G;General Audiences. Suitable for all ages.;35;1998;3
The Brave Little Toaster Goes to Mars;G;General Audiences. Suitable for all ages.;35;1998;3
The Brave Little Toaster Goes to Mars;G;General Audiences. Suitable for all ages.;35;1998;5
Antz;PG;moderate adult language and intense action;60;1998;3
Babe: Pig in the City;G;General Audiences. Suitable for all ages.;35;1998;1
The Prince of Egypt;PG;intense scenes dealing with strong content;60;1998;3
Paulie;PG;Parental guidance suggested. May not be suitable for children.;60;1998;5
Pocahontas II: Journey to a New World;TV-G;Suitable for all ages.;35;1998;1
FernGully 2: The Magical Rescue;G;General Audiences. Suitable for all ages.;35;1998;3
The Brave Little Toaster Goes to Mars;G;General Audiences. Suitable for all ages.;35;1998;7
Antz;PG;moderate adult language and intense action;60;1998;5
Babe: Pig in the City;G;General Audiences. Suitable for all ages.;35;1998;7
The Brave Little Toaster Goes to Mars;G;General Audiences. Suitable for all ages.;35;1998;3
Antz;PG;moderate adult language and intense action;60;1998;3
Babe: Pig in the City;G;General Audiences. Suitable for all ages.;35;1998;1
Paulie;PG;Parental guidance suggested. May not be suitable for children.;60;1998;3
10 Things I Hate About You;PG-13;adult content, adult language and mild violence;80;1999;5
An Extremely Goofy Movie;G;General Audiences. Suitable for all ages.;35;1999;5
The Iron Giant;PG;fantasy action and mild language;60;1999;1
Tarzan;G;General Audiences. Suitable for all ages.;35;1999;3
Tarzan;G;General Audiences. Suitable for all ages.;35;1999;7
An Extremely Goofy Movie;G;General Audiences. Suitable for all ages.;35;1999;5
Tarzan;G;General Audiences. Suitable for all ages.;35;1999;3
Tarzan;G;General Audiences. Suitable for all ages.;35;1999;3
An American Tail: The Mystery of the Night Monster;G;General Audiences. Suitable for all ages.;35;1999;3
The Iron Giant;PG;fantasy action and mild language;60;1999;5
An Extremely Goofy Movie;G;General Audiences. Suitable for all ages.;35;1999;7
An American Tail: The Mystery of the Night Monster;G;General Audiences. Suitable for all ages.;35;1999;3
The Iron Giant;PG;fantasy action and mild language;60;1999;7
Tarzan;G;General Audiences. Suitable for all ages.;35;1999;7
An American Tail: The Mystery of the Night Monster;G;General Audiences. Suitable for all ages.;35;1999;3
The Iron Giant;PG;fantasy action and mild language;60;1999;5
An American Tail: The Mystery of the Night Monster;G;General Audiences. Suitable for all ages.;35;1999;7
The Iron Giant;PG;fantasy action and mild language;60;1999;5
The Iron Giant;PG;fantasy action and mild language;60;1999;3
PokÃ©mon: Indigo League;TV-Y;Suitable for all ages.;10;2000;3
The Emperor's New Groove;G;General Audiences. Suitable for all ages.;35;2000;5
Chicken Run;G;General Audiences. Suitable for all ages.;35;2000;3
The Emperor's New Groove;G;General Audiences. Suitable for all ages.;35;2000;1
The Emperor's New Groove;G;General Audiences. Suitable for all ages.;35;2000;5
The Road to El Dorado;PG;mild thematic material and language;60;2000;1
Fantasia 2000;G;General Audiences. Suitable for all ages.;35;2000;3
The Emperor's New Groove;G;General Audiences. Suitable for all ages.;35;2000;7
The Road to El Dorado;PG;mild thematic material and language;60;2000;5
Fantasia 2000;G;General Audiences. Suitable for all ages.;35;2000;3
The Emperor's New Groove;G;General Audiences. Suitable for all ages.;35;2000;3
The Road to El Dorado;PG;mild thematic material and language;60;2000;5
Fantasia 2000;G;General Audiences. Suitable for all ages.;35;2000;3
Batched;G;General Audiences. Suitable for all ages.;35;2000;5
The Road to El Dorado;PG;mild thematic material and language;60;2000;5
Air Bud: World Pup;G;General Audiences. Suitable for all ages.;35;2000;7
PokÃ©mon: Indigo League;TV-Y;Suitable for all ages.;10;2000;3
The Brothers;R;strong sexual content and language;100;2001;3
The Wedding Planner;PG-13;language and some sexual humor;80;2001;3
Blow;R;pervasive drug content and language, some violence and sexuality;100;2001;5
Balto 2: Wolf Quest;G;General Audiences. Suitable for all ages.;35;2001;5
Balto 2: Wolf Quest;G;General Audiences. Suitable for all ages.;35;2001;3
Balto 2: Wolf Quest;G;General Audiences. Suitable for all ages.;35;2001;1
Cats & Dogs;PG;animal action and humor;60;2001;7
Atlantis: The Lost Empire;PG;action violence;60;2001;5
Balto 2: Wolf Quest;G;General Audiences. Suitable for all ages.;35;2001;1
Cats & Dogs;PG;animal action and humor;60;2001;1
Balto 2: Wolf Quest;G;General Audiences. Suitable for all ages.;35;2001;5
Scooby-Doo;PG;some rude humor, language and some scary action;60;2002;5
Scooby-Doo;PG;some rude humor, language and some scary action;60;2002;3
Scooby-Doo;PG;some rude humor, language and some scary action;60;2002;7
Lilo & Stitch;PG;mild sci-fi action;60;2002;5
Lilo & Stitch;PG;mild sci-fi action;60;2002;3
Scooby-Doo;PG;some rude humor, language and some scary action;60;2002;7
Lilo & Stitch;PG;mild sci-fi action;60;2002;5
Clifford the Big Red Dog;TV-Y;Suitable for all ages.;10;2002;5
Back to the Secret Garden;G;General Audiences. Suitable for all ages.;35;2002;5
Scooby-Doo;PG;some rude humor, language and some scary action;60;2002;3
Clifford the Big Red Dog;TV-Y;Suitable for all ages.;10;2002;5
Back to the Secret Garden;G;General Audiences. Suitable for all ages.;35;2002;5
Back to the Secret Garden;G;General Audiences. Suitable for all ages.;35;2002;5
Tarzan & Jane;G;General Audiences. Suitable for all ages.;35;2002;7
Back to the Secret Garden;G;General Audiences. Suitable for all ages.;35;2002;5
Friends;TV-14;Parents strongly cautioned. May be unsuitable for children ages 14 and under.;90;2003;7
Friends;TV-14;Parents strongly cautioned. May be unsuitable for children ages 14 and under.;90;2003;1
How to Lose a Guy in 10 Days;PG-13;some sex-related material;80;2003;1
Friends;TV-14;Parents strongly cautioned. May be unsuitable for children ages 14 and under.;90;2003;3
Friends;TV-14;Parents strongly cautioned. May be unsuitable for children ages 14 and under.;90;2003;5
Friends;TV-14;Parents strongly cautioned. May be unsuitable for children ages 14 and under.;90;2003;5
Justice League;TV-Y7-FV;Suitable for children ages 7 and older.  Content contains fantasy violence.;42;2003;5
Justice League;TV-Y7-FV;Suitable for children ages 7 and older.  Content contains fantasy violence.;42;2003;5
Spy Kids 3: Game Over;PG;action sequences and peril;60;2003;5
The Lizzie McGuire Movie;PG;mild thematic elements;60;2003;7
Recess: Taking the Fifth Grade;G;General Audiences. Suitable for all ages.;35;2003;1
Clifford's Puppy Days;TV-Y;Suitable for all ages.;10;2003;7
Atlantis: Milo's Return;G;General Audiences. Suitable for all ages.;35;2003;5
Recess: Taking the Fifth Grade;G;General Audiences. Suitable for all ages.;35;2003;5
Inspector Gadget 2;G;General Audiences. Suitable for all ages.;35;2003;3
Air Bud: Spikes Back;G;General Audiences. Suitable for all ages.;35;2003;5
Precious Puppies;TV-G;Suitable for all ages.;35;2003;1
White Chicks;PG-13;crude and sexual humor, language and some drug content;80;2004;3
The Life Aquatic with Steve Zissou;R;language, some drug use, violence and partial nudity;100;2004;7
Scooby-Doo 2: Monsters Unleashed;PG;some scary action, rude humor and language;60;2004;3
The Three Musketeers;G;General Audiences. Suitable for all ages.;35;2004;1
Mickey's Twice Upon a Christmas;G;General Audiences. Suitable for all ages.;35;2004;3
Mulan 2;G;General Audiences. Suitable for all ages.;35;2004;5
Winnie the Pooh: Springtime with Roo;G;General Audiences. Suitable for all ages.;35;2004;1
Mulan 2;G;General Audiences. Suitable for all ages.;35;2004;7
That '70s Show;TV-14;Parents strongly cautioned. May be unsuitable for children ages 14 and under.;90;2005;5
Charmed;TV-PG;Parental guidance suggested. May not be suitable for all children.;70;2005;3
The West Wing;TV-14;Parents strongly cautioned. May be unsuitable for children ages 14 and under.;90;2005;3
Chicken Little;G;General Audiences. Suitable for all ages.;35;2005;7
Justice League Unlimited;TV-Y7-FV;Suitable for children ages 7 and older.  Content contains fantasy violence.;42;2005;3
Justice League Unlimited;TV-Y7-FV;Suitable for children ages 7 and older.  Content contains fantasy violence.;42;2005;3
The Pacifier;PG;action violence, language and rude humor;60;2005;5
Chicken Little;G;General Audiences. Suitable for all ages.;35;2005;7
Chicken Little;G;General Audiences. Suitable for all ages.;35;2005;3
Lilo & Stitch 2: Stitch Has A Glitch;PG;some mild action;60;2005;1
Chicken Little;G;General Audiences. Suitable for all ages.;35;2005;1
Pooh's Heffalump Movie;G;General Audiences. Suitable for all ages.;35;2005;5
Kronk's New Groove;G;General Audiences. Suitable for all ages.;35;2005;3
Corpse Bride;PG;some scary images and action, and brief mild language;60;2005;1
Lucky Number Slevin;R;strong violence, sexual content and adult language;100;2006;1
Death Note;TV-14;Parents strongly cautioned. May be unsuitable for children ages 14 and under.;90;2006;3
Lucky Number Slevin;R;strong violence, sexual content and adult language;100;2006;3
Lucky Number Slevin;R;strong violence, sexual content and adult language;100;2006;5
Gilmore Girls;TV-14;Parents strongly cautioned. May be unsuitable for children ages 14 and under.;90;2006;1
The Benchwarmers;PG-13;crude and suggestive humor, and for language;80;2006;3
Step Up;PG-13;thematic elements, brief violence and innuendo;80;2006;5
Gilmore Girls;TV-14;Parents strongly cautioned. May be unsuitable for children ages 14 and under.;90;2006;3
High School Musical;TV-G;Suitable for all ages.;35;2006;7
Gilmore Girls;TV-14;Parents strongly cautioned. May be unsuitable for children ages 14 and under.;90;2006;3
Gilmore Girls;TV-14;Parents strongly cautioned. May be unsuitable for children ages 14 and under.;90;2006;1
Curious George;G;General Audiences. Suitable for all ages.;35;2006;3
Brother Bear 2;G;General Audiences. Suitable for all ages.;35;2006;3
The Fox and the Hound 2;G;General Audiences. Suitable for all ages.;35;2006;1
Brother Bear 2;G;General Audiences. Suitable for all ages.;35;2006;7
The Fox and the Hound 2;G;General Audiences. Suitable for all ages.;35;2006;5
Brother Bear 2;G;General Audiences. Suitable for all ages.;35;2006;3
The Fox and the Hound 2;G;General Audiences. Suitable for all ages.;35;2006;5
Air Buddies;PG;some mild, rude humor;60;2006;7
Ã“ Pai, Ã“ - Look at This;TV-MA;For mature audiences.  May not be suitable for children 17 and under.;110;2007;5
Nancy Drew;PG;Parental guidance suggested. May not be suitable for children.;60;2007;3
High School Musical 2;TV-G;Suitable for all ages.;35;2007;7
High School Musical 2;TV-G;Suitable for all ages.;35;2007;5
Teenage Mutant Ninja Turtles;PG;animated action violence, some scary cartoon images and mild language;60;2007;5
The Batman;TV-Y7;Suitable for children ages 7 and older;41;2007;7
The Batman;TV-Y7;Suitable for children ages 7 and older;41;2007;7
Teenage Mutant Ninja Turtles;PG;animated action violence, some scary cartoon images and mild language;60;2007;5
Bee Movie;PG;mild suggestive humor;60;2007;3
Pocoyo;TV-Y;Suitable for all ages.;10;2007;7
Little Einsteins;TV-Y;Suitable for all ages.;10;2007;7
Teenage Mutant Ninja Turtles;PG;animated action violence, some scary cartoon images and mild language;60;2007;3
Bee Movie;PG;mild suggestive humor;60;2007;5
Pocoyo;TV-Y;Suitable for all ages.;10;2007;5
Little Einsteins;TV-Y;Suitable for all ages.;10;2007;3
Bee Movie;PG;mild suggestive humor;60;2007;5
Little Einsteins;TV-Y;Suitable for all ages.;10;2007;7
Little Einsteins;TV-Y;Suitable for all ages.;10;2007;7
Prison Break;TV-14;Parents strongly cautioned. May be unsuitable for children ages 14 and under.;90;2008;5
Naruto;TV-PG;Parental guidance suggested. May not be suitable for all children.;70;2008;1
Prison Break;TV-14;Parents strongly cautioned. May be unsuitable for children ages 14 and under.;90;2008;5
Twilight;PG-13;some violence and one sexual scene;80;2008;5
Prison Break;TV-14;Parents strongly cautioned. May be unsuitable for children ages 14 and under.;90;2008;3
Twilight;PG-13;some violence and one sexual scene;80;2008;3
Prison Break;TV-14;Parents strongly cautioned. May be unsuitable for children ages 14 and under.;90;2008;5
Prison Break;TV-14;Parents strongly cautioned. May be unsuitable for children ages 14 and under.;90;2008;1
Prison Break;TV-14;Parents strongly cautioned. May be unsuitable for children ages 14 and under.;90;2008;5
Prison Break;TV-14;Parents strongly cautioned. May be unsuitable for children ages 14 and under.;90;2008;7
Star Wars: The Clone Wars;PG;sci-fi action violence throughout, brief language and momentary smoking;60;2008;3
Dino Squad;TV-Y7;Suitable for children ages 7 and older;41;2008;5
Star Wars: The Clone Wars;PG;sci-fi action violence throughout, brief language and momentary smoking;60;2008;3
DreamWorks Kung Fu Panda Awesome Secrets;TV-PG;Parental guidance suggested. May not be suitable for all children.;70;2008;1
Kung Fu Panda;PG;sequences of martial arts action;60;2008;1
Kung Fu Panda;PG;sequences of martial arts action;60;2008;7
DreamWorks Shrek's Swamp Stories;TV-PG;Parental guidance suggested. May not be suitable for all children.;70;2008;1
Sid the Science Kid;TV-Y;Suitable for all ages.;10;2008;3
Kung Fu Panda;PG;sequences of martial arts action;60;2008;7
Dino Squad;TV-Y7;Suitable for children ages 7 and older;41;2008;1
Dinosaur King;TV-Y7-FV;Suitable for children ages 7 and older.  Content contains fantasy violence.;42;2008;1
Dr. Dolittle: Tail to the Chief;PG;brief mild language and some rude behavior;60;2008;5
Lottie Dottie Chicken;TV-Y;Suitable for all ages.;10;2009;5
The L Word;TV-MA;For mature audiences.  May not be suitable for children 17 and under.;110;2009;3
Coraline;PG;thematic elements, scary images, some language and suggestive humor;60;2009;3
Hannah Montana: The Movie;G;General Audiences. Suitable for all ages.;35;2009;1
Hannah Montana: The Movie;G;General Audiences. Suitable for all ages.;35;2009;1
Coraline;PG;thematic elements, scary images, some language and suggestive humor;60;2009;1
Beyblade: Metal Fusion;TV-Y7;Suitable for children ages 7 and older;41;2009;7
Coraline;PG;thematic elements, scary images, some language and suggestive humor;60;2009;3
Disney Animation Collection: Vol. 1: Mickey and the Beanstalk;TV-G;Suitable for all ages.;35;2009;1
Disney Animation Collection: Vol. 1: Mickey and the Beanstalk;TV-G;Suitable for all ages.;35;2009;1
Coraline;PG;thematic elements, scary images, some language and suggestive humor;60;2009;5
The Gruffalo;TV-Y;Suitable for all ages.;10;2009;3
Disney Animation Collection: Vol. 4: The Tortoise and the Hare;TV-G;Suitable for all ages.;35;2009;5
The Gruffalo;TV-Y;Suitable for all ages.;10;2009;7
Disney Animation Collection: Vol. 4: The Tortoise and the Hare;TV-G;Suitable for all ages.;35;2009;5
Disney Animation Collection: Vol. 1: Mickey and the Beanstalk;TV-G;Suitable for all ages.;35;2009;3
Disney Animation Collection: Vol. 2: Three Little Pigs;TV-G;Suitable for all ages.;35;2009;5
Disney Animation Collection: Vol. 4: The Tortoise and the Hare;TV-G;Suitable for all ages.;35;2009;7
H2O: Just Add Water;TV-PG;Parental guidance suggested. May not be suitable for all children.;70;2009;1
The Gruffalo;TV-Y;Suitable for all ages.;10;2009;3
Come Fly With Me;TV-14;Parents strongly cautioned. May be unsuitable for children ages 14 and under.;90;2010;3
Life Unexpected;TV-PG;Parental guidance suggested. May not be suitable for all children.;70;2010;5
Friday Night Lights;TV-PG;Parental guidance suggested. May not be suitable for all children.;70;2010;5
StarStruck;TV-G;Suitable for all ages.;35;2010;7
Lost;TV-14;Parents strongly cautioned. May be unsuitable for children ages 14 and under.;90;2010;3
The Tudors;TV-MA;For mature audiences.  May not be suitable for children 17 and under.;110;2010;7
Lie to Me;TV-14;Parents strongly cautioned. May be unsuitable for children ages 14 and under.;90;2010;3
Lie to Me;TV-14;Parents strongly cautioned. May be unsuitable for children ages 14 and under.;90;2010;3
Lie to Me;TV-14;Parents strongly cautioned. May be unsuitable for children ages 14 and under.;90;2010;5
Thomas & Friends: Thomas & the Runaway Kite;TV-Y;Suitable for all ages.;10;2010;7
Cars Toons: Mater's Tall Tales;TV-G;Suitable for all ages.;35;2010;3
LeapFrog: The Amazing Alphabet Amusement Park;TV-Y;Suitable for all ages.;10;2010;1
Mighty Morphin Power Rangers;TV-Y7-FV;Suitable for children ages 7 and older.  Content contains fantasy violence.;42;2010;1
Cars Toons: Mater's Tall Tales;TV-G;Suitable for all ages.;35;2010;5
Mighty Morphin Power Rangers;TV-Y7-FV;Suitable for children ages 7 and older.  Content contains fantasy violence.;42;2010;3
Cars Toons: Mater's Tall Tales;TV-G;Suitable for all ages.;35;2010;5
Cars Toons: Mater's Tall Tales;TV-G;Suitable for all ages.;35;2010;5
Cars Toons: Mater's Tall Tales;TV-G;Suitable for all ages.;35;2010;3
Zoobabu;TV-Y;Suitable for all ages.;10;2010;3
Flicka 2;PG;some reckless behavior;60;2010;3
The Hunter;R;language and brief violence;100;2011;3
One Tree Hill;TV-14;Parents strongly cautioned. May be unsuitable for children ages 14 and under.;90;2011;3
Inside Russia's Toughest Prison;TV-14;Parents strongly cautioned. May be unsuitable for children ages 14 and under.;90;2011;1
Friends with Benefits;TV-14;Parents strongly cautioned. May be unsuitable for children ages 14 and under.;90;2011;3
Friends with Benefits;TV-14;Parents strongly cautioned. May be unsuitable for children ages 14 and under.;90;2011;5
Mean Girls 2;PG-13;For some rude and suggestive material, and for language.;80;2011;5
Mean Girls 2;PG-13;For some rude and suggestive material, and for language.;80;2011;7
One Tree Hill;TV-14;Parents strongly cautioned. May be unsuitable for children ages 14 and under.;90;2011;3
Forensic Files;TV-14;Parents strongly cautioned. May be unsuitable for children ages 14 and under.;90;2011;1
Oscar's Oasis;TV-G;Suitable for all ages.;35;2011;5
The Adventures of Chuck & Friends;TV-Y;Suitable for all ages.;10;2011;1
LEGO Ninjago: Masters of Spinjitzu: Way of the Ninja;TV-Y7-FV;Suitable for children ages 7 and older.  Content contains fantasy violence.;42;2011;5
DreamWorks Spooky Stories: Volume 2;TV-PG;Parental guidance suggested. May not be suitable for all children.;70;2011;5
A Monster in Paris;PG;some action violence involving gunplay, and mild rude humor;60;2011;5
DreamWorks How to Train Your Dragon Legends;TV-PG;Parental guidance suggested. May not be suitable for all children.;70;2011;1
PopPixie;TV-G;Suitable for all ages.;35;2011;3
The Little Engine That Could;G;General Audiences. Suitable for all ages.;35;2011;3
A Monster in Paris;PG;some action violence involving gunplay, and mild rude humor;60;2011;5
DreamWorks How to Train Your Dragon Legends;TV-PG;Parental guidance suggested. May not be suitable for all children.;70;2011;5
PopPixie;TV-G;Suitable for all ages.;35;2011;7
Dolphin Tale;PG;some mild thematic elements;60;2011;5
The Office (U.S.);TV-14;Parents strongly cautioned. May be unsuitable for children ages 14 and under.;90;2012;5
Gossip Girl;TV-14;Parents strongly cautioned. May be unsuitable for children ages 14 and under.;90;2012;1
The Office (U.S.);TV-14;Parents strongly cautioned. May be unsuitable for children ages 14 and under.;90;2012;1
30 Rock;TV-14;Parents strongly cautioned. May be unsuitable for children ages 14 and under.;90;2012;3
Don't Trust the B---- in Apartment 23;TV-14;Parents strongly cautioned. May be unsuitable for children ages 14 and under.;90;2012;5
The Cleveland Show;TV-14;Parents strongly cautioned. May be unsuitable for children ages 14 and under.;90;2012;3
Absolutely Fabulous;TV-14;Parents strongly cautioned. May be unsuitable for children ages 14 and under.;90;2012;5
Don't Trust the B---- in Apartment 23;TV-14;Parents strongly cautioned. May be unsuitable for children ages 14 and under.;90;2012;7
30 Rock;TV-14;Parents strongly cautioned. May be unsuitable for children ages 14 and under.;90;2012;5
Don't Trust the B---- in Apartment 23;TV-14;Parents strongly cautioned. May be unsuitable for children ages 14 and under.;90;2012;3
The Office (U.S.);TV-14;Parents strongly cautioned. May be unsuitable for children ages 14 and under.;90;2012;3
Gossip Girl;TV-14;Parents strongly cautioned. May be unsuitable for children ages 14 and under.;90;2012;3
The Office (U.S.);TV-14;Parents strongly cautioned. May be unsuitable for children ages 14 and under.;90;2012;3
Gossip Girl;TV-14;Parents strongly cautioned. May be unsuitable for children ages 14 and under.;90;2012;3
Private Practice;TV-14;Parents strongly cautioned. May be unsuitable for children ages 14 and under.;90;2012;5
Magic Mike;R;pervasive sexual content, brief graphic nudity, language and some drug use;100;2012;7
Trouble with the Curve;PG-13;Parents strongly cautioned. May be inappropriate for children under 13.;80;2012;5
Weeds;TV-MA;For mature audiences.  May not be suitable for children 17 and under.;110;2012;5
Gossip Girl;TV-14;Parents strongly cautioned. May be unsuitable for children ages 14 and under.;90;2012;3
Unconditional;PG-13;some violent content and mature thematic elements;80;2012;3
Leverage;TV-PG;Parental guidance suggested. May not be suitable for all children.;70;2012;3
Touch;TV-14;Parents strongly cautioned. May be unsuitable for children ages 14 and under.;90;2012;7
Breakout Kings;TV-14;Parents strongly cautioned. May be unsuitable for children ages 14 and under.;90;2012;3
The Office (U.S.);TV-14;Parents strongly cautioned. May be unsuitable for children ages 14 and under.;90;2012;3
Gossip Girl;TV-14;Parents strongly cautioned. May be unsuitable for children ages 14 and under.;90;2012;3
Phineas and Ferb;TV-G;Suitable for all ages.;35;2012;5
Young Justice;TV-PG;Parental guidance suggested. May not be suitable for all children.;70;2012;3
Tad: The Lost Explorer;TV-PG;Parental guidance suggested. May not be suitable for all children.;70;2012;1
Robocar Poli;TV-Y;Suitable for all ages.;10;2012;5
Phineas and Ferb;TV-G;Suitable for all ages.;35;2012;7
Beverly Hills Chihuahua 3: Viva La Fiesta!;G;General Audiences. Suitable for all ages.;35;2012;3
Sammy 2;TV-PG;Parental guidance suggested. May not be suitable for all children.;70;2012;3
Barbie Life in the Dreamhouse;TV-G;Suitable for all ages.;35;2012;5
Secret of the Wings;G;General Audiences. Suitable for all ages.;35;2012;5
Sammy 2;TV-PG;Parental guidance suggested. May not be suitable for all children.;70;2012;5
Barbie Life in the Dreamhouse;TV-G;Suitable for all ages.;35;2012;3
Ernest & Celestine;PG;some scary moments;60;2012;3
Delhi Safari;PG;violence and menacing action, rude humor, suggestive content and thematic elements;60;2012;5
Sammy 2;TV-PG;Parental guidance suggested. May not be suitable for all children.;70;2012;3
Monster Math Squad;TV-G;Suitable for all ages.;35;2012;1
Care Bears: Welcome to Care-a-Lot;TV-Y;Suitable for all ages.;10;2012;3
Sid the Science Kid: The Movie;TV-Y;Suitable for all ages.;10;2012;5
Ernest & Celestine;PG;some scary moments;60;2012;3
Ernest & Celestine;PG;some scary moments;60;2012;3
Beverly Hills Chihuahua 3: Viva La Fiesta!;G;General Audiences. Suitable for all ages.;35;2012;5
Breaking Bad;TV-MA;For mature audiences.  May not be suitable for children 17 and under.;110;2013;3
Masha and the Bear;TV-Y;Suitable for all ages.;10;2013;3
Nymphomaniac: Volume 1;NR;This movie has not been rated.;124;2013;7
Hunter X Hunter (2011);NR;This movie has not been rated.;124;2013;5
City of God: 10 Years Later;TV-MA;For mature audiences.  May not be suitable for children 17 and under.;110;2013;7
90210;TV-14;Parents strongly cautioned. May be unsuitable for children ages 14 and under.;90;2013;3
Breaking Bad;TV-MA;For mature audiences.  May not be suitable for children 17 and under.;110;2013;7
The Secret Life of the American Teenager;TV-14;Parents strongly cautioned. May be unsuitable for children ages 14 and under.;90;2013;5
The Client List;TV-14;Parents strongly cautioned. May be unsuitable for children ages 14 and under.;90;2013;1
Skins;TV-MA;For mature audiences.  May not be suitable for children 17 and under.;110;2013;1
Raising Hope;TV-14;Parents strongly cautioned. May be unsuitable for children ages 14 and under.;90;2013;5
Raising Hope;TV-14;Parents strongly cautioned. May be unsuitable for children ages 14 and under.;90;2013;1
The Carrie Diaries;TV-14;Parents strongly cautioned. May be unsuitable for children ages 14 and under.;90;2013;7
90210;TV-14;Parents strongly cautioned. May be unsuitable for children ages 14 and under.;90;2013;1
The Secret Life of the American Teenager;TV-14;Parents strongly cautioned. May be unsuitable for children ages 14 and under.;90;2013;7
The Client List;TV-14;Parents strongly cautioned. May be unsuitable for children ages 14 and under.;90;2013;3
The Carrie Diaries;TV-14;Parents strongly cautioned. May be unsuitable for children ages 14 and under.;90;2013;5
Safe Haven;PG-13;thematic material involving threatening behavior, and for violence and sexuality;80;2013;7
The Secret Life of the American Teenager;TV-14;Parents strongly cautioned. May be unsuitable for children ages 14 and under.;90;2013;5
Army Wives;TV-14;Parents strongly cautioned. May be unsuitable for children ages 14 and under.;90;2013;1
The Secret Life of the American Teenager;TV-14;Parents strongly cautioned. May be unsuitable for children ages 14 and under.;90;2013;5
The Client List;TV-14;Parents strongly cautioned. May be unsuitable for children ages 14 and under.;90;2013;5
Dexter;TV-MA;For mature audiences.  May not be suitable for children 17 and under.;110;2013;5
Burn Notice;TV-14;Parents strongly cautioned. May be unsuitable for children ages 14 and under.;90;2013;5
Breaking Bad;TV-MA;For mature audiences.  May not be suitable for children 17 and under.;110;2013;3
The Client List;TV-14;Parents strongly cautioned. May be unsuitable for children ages 14 and under.;90;2013;1
90210;TV-14;Parents strongly cautioned. May be unsuitable for children ages 14 and under.;90;2013;5
The Client List;TV-14;Parents strongly cautioned. May be unsuitable for children ages 14 and under.;90;2013;5
Transformers Prime;TV-Y7-FV;Suitable for children ages 7 and older.  Content contains fantasy violence.;42;2013;3
Thomas & Friends: King of the Railway;TV-G;Suitable for all ages.;35;2013;5
LEGO: Marvel Super Heroes: Maximum Overload;TV-Y7-FV;Suitable for children ages 7 and older.  Content contains fantasy violence.;42;2013;7
Transformers Prime Beast Hunters: Predacons Rising;TV-Y7-FV;Suitable for children ages 7 and older.  Content contains fantasy violence.;42;2013;3
Thunder and the House Of Magic;TV-G;Suitable for all ages.;35;2013;5
Bunks;TV-PG;Parental guidance suggested. May not be suitable for all children.;70;2013;1
Angry Birds;TV-G;Suitable for all ages.;35;2013;1
Transformers Prime;TV-Y7-FV;Suitable for children ages 7 and older.  Content contains fantasy violence.;42;2013;3
Super Buddies;G;General Audiences. Suitable for all ages.;35;2013;3
Masha and the Bear;TV-Y;Suitable for all ages.;10;2013;5
Angry Birds;TV-G;Suitable for all ages.;35;2013;5
Masha and the Bear;TV-Y;Suitable for all ages.;10;2013;3
Masha and the Bear;TV-Y;Suitable for all ages.;10;2013;3
Jack and the Cuckoo-Clock Heart;PG;scary images, suggestive material, some language and smoking;60;2013;1
Axel: The Biggest Little Hero;PG;some scary images, perilous action sequences and mild rude humor;60;2013;5
Hatched;TV-Y7;Suitable for children ages 7 and older;41;2013;5
Pound Puppies;TV-Y;Suitable for all ages.;10;2013;5
Axel: The Biggest Little Hero;PG;some scary images, perilous action sequences and mild rude humor;60;2013;5
My Animal Friends;TV-Y;Suitable for all ages.;10;2013;1
Worms;PG;Parental guidance suggested. May not be suitable for children.;60;2013;3
Gon;TV-G;Suitable for all ages.;35;2013;7
Jack and the Cuckoo-Clock Heart;PG;scary images, suggestive material, some language and smoking;60;2013;5
Axel: The Biggest Little Hero;PG;some scary images, perilous action sequences and mild rude humor;60;2013;1
Hatched;TV-Y7;Suitable for children ages 7 and older;41;2013;5
Underdogs;PG;Parental guidance suggested. May not be suitable for children.;60;2013;3
Pound Puppies;TV-Y;Suitable for all ages.;10;2013;7
Step Dogs;TV-PG;Parental guidance suggested. May not be suitable for all children.;70;2013;1
My Animal Friends;TV-Y;Suitable for all ages.;10;2013;3
Beary Tales;TV-G;Suitable for all ages.;35;2013;3
How I Met Your Mother;TV-PG;Parental guidance suggested. May not be suitable for all children.;70;2014;7
Sex, Love and Therapy;NR;This movie has not been rated.;124;2014;1
How I Met Your Mother;TV-PG;Parental guidance suggested. May not be suitable for all children.;70;2014;3
Mad Men;TV-14;Parents strongly cautioned. May be unsuitable for children ages 14 and under.;90;2014;5
Californication;TV-MA;For mature audiences.  May not be suitable for children 17 and under.;110;2014;5
5 to 7;R;some sexual material;100;2014;5
Brickleberry;TV-MA;For mature audiences.  May not be suitable for children 17 and under.;110;2014;3
Honeytrap;NR;This movie has not been rated.;124;2014;5
Drop Dead Diva;TV-PG;Parental guidance suggested. May not be suitable for all children.;70;2014;3
Parenthood;TV-14;Parents strongly cautioned. May be unsuitable for children ages 14 and under.;90;2014;3
Being Human (U.S.);TV-14;Parents strongly cautioned. May be unsuitable for children ages 14 and under.;90;2014;3
The Angriest Man in Brooklyn;R;Restricted. May be inappropriate for children 17 and under.;100;2014;1
5 to 7;R;some sexual material;100;2014;3
How I Met Your Mother;TV-PG;Parental guidance suggested. May not be suitable for all children.;70;2014;5
Parenthood;TV-14;Parents strongly cautioned. May be unsuitable for children ages 14 and under.;90;2014;1
Hart of Dixie;TV-PG;Parental guidance suggested. May not be suitable for all children.;70;2014;1
How I Met Your Mother;TV-PG;Parental guidance suggested. May not be suitable for all children.;70;2014;5
Parenthood;TV-14;Parents strongly cautioned. May be unsuitable for children ages 14 and under.;90;2014;7
Drop Dead Diva;TV-PG;Parental guidance suggested. May not be suitable for all children.;70;2014;3
White Collar;TV-PG;Parental guidance suggested. May not be suitable for all children.;70;2014;5
The Killing;TV-14;Parents strongly cautioned. May be unsuitable for children ages 14 and under.;90;2014;3
Hart of Dixie;TV-PG;Parental guidance suggested. May not be suitable for all children.;70;2014;3
Witches of East End;TV-14;Parents strongly cautioned. May be unsuitable for children ages 14 and under.;90;2014;1
Kurt Seyit & Sura;TV-14;Parents strongly cautioned. May be unsuitable for children ages 14 and under.;90;2014;5
White Collar;TV-PG;Parental guidance suggested. May not be suitable for all children.;70;2014;3
The Honorable Woman;TV-MA;For mature audiences.  May not be suitable for children 17 and under.;110;2014;3
Transporter: The Series;TV-MA;For mature audiences.  May not be suitable for children 17 and under.;110;2014;5
How I Met Your Mother;TV-PG;Parental guidance suggested. May not be suitable for all children.;70;2014;1
Parenthood;TV-14;Parents strongly cautioned. May be unsuitable for children ages 14 and under.;90;2014;1
White Collar;TV-PG;Parental guidance suggested. May not be suitable for all children.;70;2014;3
The Killing;TV-14;Parents strongly cautioned. May be unsuitable for children ages 14 and under.;90;2014;3
Star Wars: The Clone Wars;TV-PG;Parental guidance suggested. May not be suitable for all children.;70;2014;3
Max Steel;TV-Y7-FV;Suitable for children ages 7 and older.  Content contains fantasy violence.;42;2014;5
Agent F.O.X.;PG;Parental guidance suggested. May not be suitable for children.;60;2014;1
Lego DC Comics: Batman Be-Leaguered;TV-Y7;Suitable for children ages 7 and older;41;2014;7
The Cat in the Hat Knows a Lot About That!;TV-Y;Suitable for all ages.;10;2014;1
Pac-Man and the Ghostly Adventures;TV-Y7;Suitable for children ages 7 and older;41;2014;7
Iron Man & Captain America: Heroes United;PG;action and violence throughout, and mild language;60;2014;5
Power Rangers Super Megaforce;TV-Y7;Suitable for children ages 7 and older;41;2014;3
Lego DC Comics: Batman Be-Leaguered;TV-Y7;Suitable for children ages 7 and older;41;2014;1
Tayo the Little Bus;TV-Y;Suitable for all ages.;10;2014;3
Paddington;PG;mild action and rude humor;60;2014;3
Paddington;PG;mild action and rude humor;60;2014;5
The Pirate Fairy;G;General Audiences. Suitable for all ages.;35;2014;3
The Boxcar Children;G;General Audiences. Suitable for all ages.;35;2014;5
Pet Pals in Windland;TV-G;Suitable for all ages.;35;2014;3
The Hero of Color City;G;General Audiences. Suitable for all ages.;35;2014;3
Agent F.O.X.;PG;Parental guidance suggested. May not be suitable for children.;60;2014;3
Ribbit;PG;some peril;60;2014;3
Rooster Doodle-doo;TV-G;Suitable for all ages.;35;2014;7
The Pirate Fairy;G;General Audiences. Suitable for all ages.;35;2014;3
The Boxcar Children;G;General Audiences. Suitable for all ages.;35;2014;5
Pet Pals in Windland;TV-G;Suitable for all ages.;35;2014;7
The Pirate Fairy;G;General Audiences. Suitable for all ages.;35;2014;5
The Boxcar Children;G;General Audiences. Suitable for all ages.;35;2014;1
Ribbit;PG;some peril;60;2014;3
Yellowbird;PG;Parental guidance suggested. May not be suitable for children.;60;2014;5
Paddington;PG;mild action and rude humor;60;2014;7
The Walking Dead;TV-MA;For mature audiences.  May not be suitable for children 17 and under.;110;2015;3
Arrow;TV-14;Parents strongly cautioned. May be unsuitable for children ages 14 and under.;90;2015;7
OperaÃ§Ãµes Especiais;TV-MA;;110;2015;1
Hyena Road;R;bloody war violence, language throughout and some sexual material;100;2015;5
Happily Married;TV-14;;90;2015;3
Parks and Recreation;TV-14;Parents strongly cautioned. May be unsuitable for children ages 14 and under.;90;2015;5
Glee;TV-PG;Parental guidance suggested. May not be suitable for all children.;70;2015;3
Family Guy;TV-MA;For mature audiences.  May not be suitable for children 17 and under.;110;2015;3
The Walking Dead;TV-MA;For mature audiences.  May not be suitable for children 17 and under.;110;2015;1
Parks and Recreation;TV-14;Parents strongly cautioned. May be unsuitable for children ages 14 and under.;90;2015;3
Master of None;TV-MA;For mature audiences.  May not be suitable for children 17 and under.;110;2015;1
Life in Pieces;TV-14;Parents strongly cautioned. May be unsuitable for children ages 14 and under.;90;2015;3
MerlÃ­;TV-PG;Parental guidance suggested. May not be suitable for all children.;70;2015;1
Dope;R;language, drug content, sexuality/nudity, and some violence-all involving teens;100;2015;3
November Rule;TV-14;Parents strongly cautioned. May be unsuitable for children ages 14 and under.;90;2015;1
Life in Pieces;TV-14;Parents strongly cautioned. May be unsuitable for children ages 14 and under.;90;2015;3
Nurse Jackie;TV-MA;For mature audiences.  May not be suitable for children 17 and under.;110;2015;7
Parks and Recreation;TV-14;Parents strongly cautioned. May be unsuitable for children ages 14 and under.;90;2015;5
Girlfriends' Guide to Divorce;TV-14;Parents strongly cautioned. May be unsuitable for children ages 14 and under.;90;2015;7
Life in Pieces;TV-14;Parents strongly cautioned. May be unsuitable for children ages 14 and under.;90;2015;5
Fried;TV-MA;For mature audiences.  May not be suitable for children 17 and under.;110;2015;1
Glee;TV-PG;Parental guidance suggested. May not be suitable for all children.;70;2015;7
Family Guy;TV-MA;For mature audiences.  May not be suitable for children 17 and under.;110;2015;3
Heartland;TV-PG;Parental guidance suggested. May not be suitable for all children.;70;2015;3
Switched at Birth;TV-14;Parents strongly cautioned. May be unsuitable for children ages 14 and under.;90;2015;5
The Night Shift;TV-14;Parents strongly cautioned. May be unsuitable for children ages 14 and under.;90;2015;3
Reign;TV-14;Parents strongly cautioned. May be unsuitable for children ages 14 and under.;90;2015;1
Law & Order: Special Victims Unit;TV-14;Parents strongly cautioned. May be unsuitable for children ages 14 and under.;90;2015;7
Nurse Jackie;TV-MA;For mature audiences.  May not be suitable for children 17 and under.;110;2015;3
Parks and Recreation;TV-14;Parents strongly cautioned. May be unsuitable for children ages 14 and under.;90;2015;5
Glee;TV-PG;Parental guidance suggested. May not be suitable for all children.;70;2015;3
Revenge;TV-PG;Parental guidance suggested. May not be suitable for all children.;70;2015;3
The Night Shift;TV-14;Parents strongly cautioned. May be unsuitable for children ages 14 and under.;90;2015;3
Home;PG;mild action and some rude humor;60;2015;7
Glee;TV-PG;Parental guidance suggested. May not be suitable for all children.;70;2015;5
Reign;TV-14;Parents strongly cautioned. May be unsuitable for children ages 14 and under.;90;2015;7
Marvel's Jessica Jones;TV-MA;For mature audiences.  May not be suitable for children 17 and under.;110;2015;7
The Returned;TV-14;Parents strongly cautioned. May be unsuitable for children ages 14 and under.;90;2015;3
The Girl in the Book;TV-MA;For mature audiences.  May not be suitable for children 17 and under.;110;2015;1
Life in Pieces;TV-14;Parents strongly cautioned. May be unsuitable for children ages 14 and under.;90;2015;5
MerlÃ­;TV-PG;Parental guidance suggested. May not be suitable for all children.;70;2015;1
Luther;TV-14;Parents strongly cautioned. May be unsuitable for children ages 14 and under.;90;2015;5
Last Man Standing;TV-PG;Parental guidance suggested. May not be suitable for all children.;70;2015;3
Revenge;TV-PG;Parental guidance suggested. May not be suitable for all children.;70;2015;1
Arrow;TV-14;Parents strongly cautioned. May be unsuitable for children ages 14 and under.;90;2015;3
The Following;TV-14;Parents strongly cautioned. May be unsuitable for children ages 14 and under.;90;2015;5
Drugs, Inc.;TV-14;Parents strongly cautioned. May be unsuitable for children ages 14 and under.;90;2015;7
Crossing Lines;TV-14;Parents strongly cautioned. May be unsuitable for children ages 14 and under.;90;2015;7
American Odyssey;TV-14;Parents strongly cautioned. May be unsuitable for children ages 14 and under.;90;2015;3
Aquarius;TV-MA;For mature audiences.  May not be suitable for children 17 and under.;110;2015;5
Rosewood;TV-14;Parents strongly cautioned. May be unsuitable for children ages 14 and under.;90;2015;5
Law & Order: Special Victims Unit;TV-14;Parents strongly cautioned. May be unsuitable for children ages 14 and under.;90;2015;3
Parks and Recreation;TV-14;Parents strongly cautioned. May be unsuitable for children ages 14 and under.;90;2015;3
Revenge;TV-PG;Parental guidance suggested. May not be suitable for all children.;70;2015;5
Rosewood;TV-14;Parents strongly cautioned. May be unsuitable for children ages 14 and under.;90;2015;5
Marvel Super Hero Adventures: Frost Fight!;PG;fantasy action;60;2015;3
Slugterra: Slug Fu Showdown;TV-Y7-FV;Suitable for children ages 7 and older.  Content contains fantasy violence.;42;2015;1
Power Rangers Dino Charge;TV-Y7;Suitable for children ages 7 and older;41;2015;3
The Furchester Hotel;TV-Y;Suitable for all ages.;10;2015;5
Nexo Knights;TV-Y7-FV;Suitable for children ages 7 and older.  Content contains fantasy violence.;42;2015;5
Bob the Builder;TV-Y;Suitable for all ages.;10;2015;5
LEGO Ninjago: Masters of Spinjitzu;TV-Y7-FV;Suitable for children ages 7 and older.  Content contains fantasy violence.;42;2015;3
Chuggington;TV-Y;Suitable for all ages.;10;2015;1
Marvel Super Hero Adventures: Frost Fight!;PG;fantasy action;60;2015;5
Some Assembly Required;TV-G;Suitable for all ages.;35;2015;3
Power Rangers Dino Charge;TV-Y7;Suitable for children ages 7 and older;41;2015;5
PokÃ©mon: XY;TV-Y7-FV;Suitable for children ages 7 and older.  Content contains fantasy violence.;42;2015;3
The Deep;TV-Y7;Suitable for children ages 7 and older;41;2015;3
Super Why!;TV-Y;Suitable for all ages.;10;2015;5
Jessie;TV-G;Suitable for all ages.;35;2015;3
Home;PG;mild action and some rude humor;60;2015;5
Chuggington;TV-Y;Suitable for all ages.;10;2015;3
Octonauts;TV-Y;Suitable for all ages.;10;2015;1
Hotel Transylvania 2;PG;some scary images, action and rude humor;60;2015;5
Goosebumps;PG;scary and intense creature action and images, and for some rude humor;60;2015;3
Open Season: Scared Silly;PG;rude humor and some action;60;2015;1
The Furchester Hotel;TV-Y;Suitable for all ages.;10;2015;3
Super Why!;TV-Y;Suitable for all ages.;10;2015;3
Sofia the First;TV-Y;Suitable for all ages.;10;2015;7
Larva;TV-G;Suitable for all ages.;35;2015;1
Chuggington;TV-Y;Suitable for all ages.;10;2015;5
Octonauts;TV-Y;Suitable for all ages.;10;2015;5
Minions;PG;action and rude humor;60;2015;3
Hotel Transylvania 2;PG;some scary images, action and rude humor;60;2015;5
The Little Prince;PG;mild thematic elements;60;2015;5
Open Season: Scared Silly;PG;rude humor and some action;60;2015;7
Super Why!;TV-Y;Suitable for all ages.;10;2015;1
Jessie;TV-G;Suitable for all ages.;35;2015;3
Sofia the First;TV-Y;Suitable for all ages.;10;2015;1
Home;PG;mild action and some rude humor;60;2015;7
Chuggington;TV-Y;Suitable for all ages.;10;2015;3
Octonauts;TV-Y;Suitable for all ages.;10;2015;1
Minions;PG;action and rude humor;60;2015;3
Hotel Transylvania 2;PG;some scary images, action and rude humor;60;2015;5
Walt Disney Animation Studios Short Films Collection;TV-G;Suitable for all ages.;35;2015;1
Open Season: Scared Silly;PG;rude humor and some action;60;2015;3
The Adventures of Figaro Pho;TV-Y7;Suitable for children ages 7 and older;41;2015;7
Walt Disney Animation Studios Short Films Collection;TV-G;Suitable for all ages.;35;2015;1
Blinky Bill: The Movie;PG;some rude humor;60;2015;3
Chuggington;TV-Y;Suitable for all ages.;10;2015;5
Octonauts;TV-Y;Suitable for all ages.;10;2015;5
Hotel Transylvania 2;PG;some scary images, action and rude humor;60;2015;5
The Adventures of Figaro Pho;TV-Y7;Suitable for children ages 7 and older;41;2015;3
Walt Disney Animation Studios Short Films Collection;TV-G;Suitable for all ages.;35;2015;5
Blinky Bill: The Movie;PG;some rude humor;60;2015;7
Octonauts;TV-Y;Suitable for all ages.;10;2015;7
Mia and Me;TV-Y;Suitable for all ages.;10;2015;5
Russell Madness;PG;some rude humor and sports action;60;2015;5
Wiener Dog Internationals;G;General Audiences. Suitable for all ages.;35;2015;5
Grey's Anatomy;TV-14;Parents strongly cautioned. May be unsuitable for children ages 14 and under.;90;2016;3
Supernatural;TV-14;Parents strongly cautioned. May be unsuitable for children ages 14 and under.;90;2016;5
Pretty Little Liars;TV-14;Parents strongly cautioned. May be unsuitable for children ages 14 and under.;90;2016;5
Once Upon a Time;TV-PG;Parental guidance suggested. May not be suitable for all children.;70;2016;7
Sherlock;TV-14;Parents strongly cautioned. May be unsuitable for children ages 14 and under.;90;2016;5
Black Mirror;TV-MA;For mature audiences.  May not be suitable for children 17 and under.;110;2016;5
The Originals;TV-14;Parents strongly cautioned. May be unsuitable for children ages 14 and under.;90;2016;3
The 100;NR;This movie has not been rated.;124;2016;1
Marvel's Luke Cage;TV-MA;For mature audiences.  May not be suitable for children 17 and under.;110;2016;3
Narcos;TV-MA;For mature audiences.  May not be suitable for children 17 and under.;110;2016;3
The Flash;TV-PG;Parental guidance suggested. May not be suitable for all children.;70;2016;5
The Seven Deadly Sins;TV-14;Parents strongly cautioned. May be unsuitable for children ages 14 and under.;90;2016;7
Scream;TV-14;Parents strongly cautioned. May be unsuitable for children ages 14 and under.;90;2016;5
The Do-Over;TV-MA;For mature audiences.  May not be suitable for children 17 and under.;110;2016;3
0.03;TV-MA;For mature audiences.  May not be suitable for children 17 and under.;110;2016;3
Trollhunters;TV-Y7-FV;Suitable for children ages 7 and older.  Content contains fantasy violence.;42;2016;5
Fearless;TV-14;Parents strongly cautioned. May be unsuitable for children ages 14 and under.;90;2016;7
White Girl;UR;This movie has not been rated. Intended for adults only and may contain sex, violence, drugs, language or other adult themes.;124;2016;3
Salvador Martinha - Tip of the Tongue;TV-MA;For mature audiences.  May not be suitable for children 17 and under.;110;2016;1
O Amor no DivÃ£;TV-MA;;110;2016;5
Stronger Than the World;NR;;124;2016;7
Back and Forth;NR;This movie has not been rated.;124;2016;5
Pandora;TV-MA;;110;2016;1
Grey's Anatomy;TV-14;Parents strongly cautioned. May be unsuitable for children ages 14 and under.;90;2016;7
Supernatural;TV-14;Parents strongly cautioned. May be unsuitable for children ages 14 and under.;90;2016;5
Criminal Minds;TV-14;Parents strongly cautioned. May be unsuitable for children ages 14 and under.;90;2016;5
Pretty Little Liars;TV-14;Parents strongly cautioned. May be unsuitable for children ages 14 and under.;90;2016;3
Shameless (U.S.);TV-MA;For mature audiences.  May not be suitable for children 17 and under.;110;2016;5
New Girl;TV-14;Parents strongly cautioned. May be unsuitable for children ages 14 and under.;90;2016;7
American Horror Story;TV-MA;For mature audiences.  May not be suitable for children 17 and under.;110;2016;5
Orange Is the New Black;TV-MA;For mature audiences.  May not be suitable for children 17 and under.;110;2016;3
Black Mirror;TV-MA;For mature audiences.  May not be suitable for children 17 and under.;110;2016;3
Bates Motel;TV-14;Parents strongly cautioned. May be unsuitable for children ages 14 and under.;90;2016;5
The 100;NR;This movie has not been rated.;124;2016;7
How to Get Away with Murder;TV-14;Parents strongly cautioned. May be unsuitable for children ages 14 and under.;90;2016;1
The Flash;TV-PG;Parental guidance suggested. May not be suitable for all children.;70;2016;7
The OA;TV-MA;For mature audiences.  May not be suitable for children 17 and under.;110;2016;5
Stranger Things;TV-14;Parents strongly cautioned. May be unsuitable for children ages 14 and under.;90;2016;3
Zootopia;PG;some thematic elements, rude humor and action;60;2016;3
Meet the Blacks;R;pervasive language, some sexual material, violence and drug use;100;2016;5
Finding Dory;PG;mild thematic elements;60;2016;7
Sausage Party;R;strong crude sexual content, pervasive language, and drug use;100;2016;3
Pete's Dragon;PG;for action, peril and brief language;60;2016;1
Kevin Hart: What Now?;R;some sexual material, and language throughout;100;2016;3
Cheer Squad;TV-PG;;70;2016;3
Only for One Night;TV-MA;;110;2016;5
It's Always Sunny in Philadelphia;TV-MA;For mature audiences.  May not be suitable for children 17 and under.;110;2016;7
Shameless (U.S.);TV-MA;For mature audiences.  May not be suitable for children 17 and under.;110;2016;3
Portlandia;TV-14;Parents strongly cautioned. May be unsuitable for children ages 14 and under.;90;2016;5
New Girl;TV-14;Parents strongly cautioned. May be unsuitable for children ages 14 and under.;90;2016;7
Halt and Catch Fire;TV-14;Parents strongly cautioned. May be unsuitable for children ages 14 and under.;90;2016;3
Documentary Now!;TV-14;Parents strongly cautioned. May be unsuitable for children ages 14 and under.;90;2016;3
Better Call Saul;TV-MA;For mature audiences.  May not be suitable for children 17 and under.;110;2016;3
Schitt's Creek;TV-14;Parents strongly cautioned. May be unsuitable for children ages 14 and under.;90;2016;7
Lovesick;TV-MA;For mature audiences.  May not be suitable for children 17 and under.;110;2016;5
Flaked;TV-MA;For mature audiences.  May not be suitable for children 17 and under.;110;2016;3
Cooper Barrett's Guide to Surviving Life;TV-14;Parents strongly cautioned. May be unsuitable for children ages 14 and under.;90;2016;7
The Great British Baking Show;TV-PG;Parental guidance suggested. May not be suitable for all children.;70;2016;5
Easy;TV-MA;For mature audiences.  May not be suitable for children 17 and under.;110;2016;3
No Tomorrow;TV-14;Parents strongly cautioned. May be unsuitable for children ages 14 and under.;90;2016;7
Minimalism: A Documentary About the Important Things;TV-PG;;70;2016;5
Almost Adults;NR;This movie has not been rated.;124;2016;5
Orange Is the New Black;TV-MA;For mature audiences.  May not be suitable for children 17 and under.;110;2016;1
Bates Motel;TV-14;Parents strongly cautioned. May be unsuitable for children ages 14 and under.;90;2016;5
BoJack Horseman;TV-MA;For mature audiences.  May not be suitable for children 17 and under.;110;2016;7
Being Mary Jane: The Series;TV-14;Parents strongly cautioned. May be unsuitable for children ages 14 and under.;90;2016;5
Documentary Now!;TV-14;Parents strongly cautioned. May be unsuitable for children ages 14 and under.;90;2016;3
Unbreakable Kimmy Schmidt;TV-14;Parents strongly cautioned. May be unsuitable for children ages 14 and under.;90;2016;3
Bordertown;TV-14;Parents strongly cautioned. May be unsuitable for children ages 14 and under.;90;2016;5
Jane The Virgin;TV-14;Parents strongly cautioned. May be unsuitable for children ages 14 and under.;90;2016;3
Schitt's Creek;TV-14;Parents strongly cautioned. May be unsuitable for children ages 14 and under.;90;2016;1
Lovesick;TV-MA;For mature audiences.  May not be suitable for children 17 and under.;110;2016;5
The Carmichael Show;TV-14;Parents strongly cautioned. May be unsuitable for children ages 14 and under.;90;2016;7
Cooper Barrett's Guide to Surviving Life;TV-14;Parents strongly cautioned. May be unsuitable for children ages 14 and under.;90;2016;5
The Great British Baking Show;TV-PG;Parental guidance suggested. May not be suitable for all children.;70;2016;3
Easy;TV-MA;For mature audiences.  May not be suitable for children 17 and under.;110;2016;7
Haters Back Off;TV-14;Parents strongly cautioned. May be unsuitable for children ages 14 and under.;90;2016;5
Kubo and the Two Strings;PG;thematic elements, scary images, action and peril;60;2016;3
A Weekend with the Family;TV-MA;For mature audiences.  May not be suitable for children 17 and under.;110;2016;3
Crazyhead;TV-MA;For mature audiences.  May not be suitable for children 17 and under.;110;2016;5
Queen of Katwe;PG;thematic elements, an accident scene and some suggestive material;60;2016;7
Little Boxes;TV-14;Parents strongly cautioned. May be unsuitable for children ages 14 and under.;90;2016;5
Hurricane Bianca;TV-MA;;110;2016;7
Greenleaf;TV-14;Parents strongly cautioned. May be unsuitable for children ages 14 and under.;90;2016;3
Lazy Eye;TV-MA;;110;2016;1
Like Cotton Twines;NR;;124;2016;3
The Wedding Party;TV-14;;90;2016;5
Only for One Night;TV-MA;;110;2016;5
Boy Bye;TV-MA;;110;2016;3
Almost Adults;NR;This movie has not been rated.;124;2016;1
Portlandia;TV-14;Parents strongly cautioned. May be unsuitable for children ages 14 and under.;90;2016;7
New Girl;TV-14;Parents strongly cautioned. May be unsuitable for children ages 14 and under.;90;2016;5
Baby Daddy;TV-14;Parents strongly cautioned. May be unsuitable for children ages 14 and under.;90;2016;5
Halt and Catch Fire;TV-14;Parents strongly cautioned. May be unsuitable for children ages 14 and under.;90;2016;3
Unbreakable Kimmy Schmidt;TV-14;Parents strongly cautioned. May be unsuitable for children ages 14 and under.;90;2016;5
Bordertown;TV-14;Parents strongly cautioned. May be unsuitable for children ages 14 and under.;90;2016;5
Schitt's Creek;TV-14;Parents strongly cautioned. May be unsuitable for children ages 14 and under.;90;2016;5
The Carmichael Show;TV-14;Parents strongly cautioned. May be unsuitable for children ages 14 and under.;90;2016;3
Cooper Barrett's Guide to Surviving Life;TV-14;Parents strongly cautioned. May be unsuitable for children ages 14 and under.;90;2016;5
The Great British Baking Show;TV-PG;Parental guidance suggested. May not be suitable for all children.;70;2016;7
The Great Gilly Hopkins;PG;for thematic material and language;60;2016;3
The Magicians;TV-MA;For mature audiences.  May not be suitable for children 17 and under.;110;2016;5
No Tomorrow;TV-14;Parents strongly cautioned. May be unsuitable for children ages 14 and under.;90;2016;5
Better Off Single;TV-MA;;110;2016;3
The Matchbreaker;PG;Parental guidance suggested. May not be suitable for children.;60;2016;5
Cheer Squad;TV-PG;;70;2016;3
Almost Adults;NR;This movie has not been rated.;124;2016;5
Grey's Anatomy;TV-14;Parents strongly cautioned. May be unsuitable for children ages 14 and under.;90;2016;5
Criminal Minds;TV-14;Parents strongly cautioned. May be unsuitable for children ages 14 and under.;90;2016;1
Pretty Little Liars;TV-14;Parents strongly cautioned. May be unsuitable for children ages 14 and under.;90;2016;5
Shameless (U.S.);TV-MA;For mature audiences.  May not be suitable for children 17 and under.;110;2016;7
New Girl;TV-14;Parents strongly cautioned. May be unsuitable for children ages 14 and under.;90;2016;3
Baby Daddy;TV-14;Parents strongly cautioned. May be unsuitable for children ages 14 and under.;90;2016;5
How to Get Away with Murder;TV-14;Parents strongly cautioned. May be unsuitable for children ages 14 and under.;90;2016;5
Fuller House;TV-G;Suitable for all ages.;35;2016;7
Finding Dory;PG;mild thematic elements;60;2016;5
Gilmore Girls: A Year in the Life;TV-14;Parents strongly cautioned. May be unsuitable for children ages 14 and under.;90;2016;3
Gabriel lglesias: Iâ€™m Sorry For What I Said When I Was Hungry;TV-14;Parents strongly cautioned. May be unsuitable for children ages 14 and under.;90;2016;3
Cheer Squad;TV-PG;;70;2016;7
Bones;TV-14;Parents strongly cautioned. May be unsuitable for children ages 14 and under.;90;2016;5
NCIS;TV-14;Parents strongly cautioned. May be unsuitable for children ages 14 and under.;90;2016;1
Supernatural;TV-14;Parents strongly cautioned. May be unsuitable for children ages 14 and under.;90;2016;7
Criminal Minds;TV-14;Parents strongly cautioned. May be unsuitable for children ages 14 and under.;90;2016;3
Pretty Little Liars;TV-14;Parents strongly cautioned. May be unsuitable for children ages 14 and under.;90;2016;5
Shameless (U.S.);TV-MA;For mature audiences.  May not be suitable for children 17 and under.;110;2016;3
New Girl;TV-14;Parents strongly cautioned. May be unsuitable for children ages 14 and under.;90;2016;1
Scandal;TV-14;Parents strongly cautioned. May be unsuitable for children ages 14 and under.;90;2016;5
Orange Is the New Black;TV-MA;For mature audiences.  May not be suitable for children 17 and under.;110;2016;3
Baby Daddy;TV-14;Parents strongly cautioned. May be unsuitable for children ages 14 and under.;90;2016;1
The Originals;TV-14;Parents strongly cautioned. May be unsuitable for children ages 14 and under.;90;2016;5
How to Get Away with Murder;TV-14;Parents strongly cautioned. May be unsuitable for children ages 14 and under.;90;2016;5
Zootopia;PG;some thematic elements, rude humor and action;60;2016;3
Finding Dory;PG;mild thematic elements;60;2016;1
Sausage Party;R;strong crude sexual content, pervasive language, and drug use;100;2016;3
Skin Wars;TV-14;Parents strongly cautioned. May be unsuitable for children ages 14 and under.;90;2016;5
Cheer Squad;TV-PG;;70;2016;1
Grey's Anatomy;TV-14;Parents strongly cautioned. May be unsuitable for children ages 14 and under.;90;2016;5
House of Cards;TV-MA;For mature audiences.  May not be suitable for children 17 and under.;110;2016;7
Pretty Little Liars;TV-14;Parents strongly cautioned. May be unsuitable for children ages 14 and under.;90;2016;5
Shameless (U.S.);TV-MA;For mature audiences.  May not be suitable for children 17 and under.;110;2016;1
Once Upon a Time;TV-PG;Parental guidance suggested. May not be suitable for all children.;70;2016;5
Scandal;TV-14;Parents strongly cautioned. May be unsuitable for children ages 14 and under.;90;2016;7
Bates Motel;TV-14;Parents strongly cautioned. May be unsuitable for children ages 14 and under.;90;2016;1
The Blacklist;TV-14;Parents strongly cautioned. May be unsuitable for children ages 14 and under.;90;2016;3
The Fosters;TV-14;Parents strongly cautioned. May be unsuitable for children ages 14 and under.;90;2016;5
The Originals;TV-14;Parents strongly cautioned. May be unsuitable for children ages 14 and under.;90;2016;5
The 100;NR;This movie has not been rated.;124;2016;3
Bitten;TV-MA;For mature audiences.  May not be suitable for children 17 and under.;110;2016;3
London Has Fallen;R;strong violence and language throughout;100;2016;5
Bloodline;TV-MA;For mature audiences.  May not be suitable for children 17 and under.;110;2016;5
Velvet;TV-14;Parents strongly cautioned. May be unsuitable for children ages 14 and under.;90;2016;1
How to Get Away with Murder;TV-14;Parents strongly cautioned. May be unsuitable for children ages 14 and under.;90;2016;3
The Crown;TV-MA;For mature audiences.  May not be suitable for children 17 and under.;110;2016;5
Jane The Virgin;TV-14;Parents strongly cautioned. May be unsuitable for children ages 14 and under.;90;2016;7
Quantico;TV-14;Parents strongly cautioned. May be unsuitable for children ages 14 and under.;90;2016;3
Greenleaf;TV-14;Parents strongly cautioned. May be unsuitable for children ages 14 and under.;90;2016;3
100 Metros;TV-MA;For mature audiences.  May not be suitable for children 17 and under.;110;2016;5
Bones;TV-14;Parents strongly cautioned. May be unsuitable for children ages 14 and under.;90;2016;7
Grey's Anatomy;TV-14;Parents strongly cautioned. May be unsuitable for children ages 14 and under.;90;2016;1
NCIS;TV-14;Parents strongly cautioned. May be unsuitable for children ages 14 and under.;90;2016;7
Criminal Minds;TV-14;Parents strongly cautioned. May be unsuitable for children ages 14 and under.;90;2016;1
Hawaii Five-0;TV-14;dialogue, language, sexual situations and violence;90;2016;7
House of Cards;TV-MA;For mature audiences.  May not be suitable for children 17 and under.;110;2016;5
Person of Interest;TV-14;Parents strongly cautioned. May be unsuitable for children ages 14 and under.;90;2016;3
Scandal;TV-14;Parents strongly cautioned. May be unsuitable for children ages 14 and under.;90;2016;5
Sherlock;TV-14;Parents strongly cautioned. May be unsuitable for children ages 14 and under.;90;2016;5
Longmire;TV-14;Parents strongly cautioned. May be unsuitable for children ages 14 and under.;90;2016;5
Ripper Street;TV-MA;For mature audiences.  May not be suitable for children 17 and under.;110;2016;3
The Fall;TV-MA;For mature audiences.  May not be suitable for children 17 and under.;110;2016;1
Death in Paradise;TV-14;Parents strongly cautioned. May be unsuitable for children ages 14 and under.;90;2016;3
Marvel's Agents of S.H.I.E.L.D.;TV-PG;Parental guidance suggested. May not be suitable for all children.;70;2016;5
London Has Fallen;R;strong violence and language throughout;100;2016;5
Halt and Catch Fire;TV-14;Parents strongly cautioned. May be unsuitable for children ages 14 and under.;90;2016;3
Gotham;TV-14;Parents strongly cautioned. May be unsuitable for children ages 14 and under.;90;2016;7
Better Call Saul;TV-MA;For mature audiences.  May not be suitable for children 17 and under.;110;2016;5
How to Get Away with Murder;TV-14;Parents strongly cautioned. May be unsuitable for children ages 14 and under.;90;2016;3
Narcos;TV-MA;For mature audiences.  May not be suitable for children 17 and under.;110;2016;1
Hap and Leonard;TV-MA;;110;2016;7
Quantico;TV-14;Parents strongly cautioned. May be unsuitable for children ages 14 and under.;90;2016;3
Limitless;TV-14;Parents strongly cautioned. May be unsuitable for children ages 14 and under.;90;2016;1
Travelers;TV-MA;For mature audiences.  May not be suitable for children 17 and under.;110;2016;3
The Doctor Blake Mysteries;TV-MA;For mature audiences.  May not be suitable for children 17 and under.;110;2016;5
I.T;NR;;124;2016;7
Bordertown;TV-MA;For mature audiences.  May not be suitable for children 17 and under.;110;2016;5
Grey's Anatomy;TV-14;Parents strongly cautioned. May be unsuitable for children ages 14 and under.;90;2016;1
Criminal Minds;TV-14;Parents strongly cautioned. May be unsuitable for children ages 14 and under.;90;2016;7
Blue Bloods;TV-14;Parents strongly cautioned. May be unsuitable for children ages 14 and under.;90;2016;5
House of Cards;TV-MA;For mature audiences.  May not be suitable for children 17 and under.;110;2016;7
Pretty Little Liars;TV-14;Parents strongly cautioned. May be unsuitable for children ages 14 and under.;90;2016;5
Shameless (U.S.);TV-MA;For mature audiences.  May not be suitable for children 17 and under.;110;2016;1
New Girl;TV-14;Parents strongly cautioned. May be unsuitable for children ages 14 and under.;90;2016;3
Person of Interest;TV-14;Parents strongly cautioned. May be unsuitable for children ages 14 and under.;90;2016;7
Once Upon a Time;TV-PG;Parental guidance suggested. May not be suitable for all children.;70;2016;5
Scandal;TV-14;Parents strongly cautioned. May be unsuitable for children ages 14 and under.;90;2016;3
Sherlock;TV-14;Parents strongly cautioned. May be unsuitable for children ages 14 and under.;90;2016;3
Orange Is the New Black;TV-MA;For mature audiences.  May not be suitable for children 17 and under.;110;2016;7
Rectify;TV-14;Parents strongly cautioned. May be unsuitable for children ages 14 and under.;90;2016;5
Black Mirror;TV-MA;For mature audiences.  May not be suitable for children 17 and under.;110;2016;3
Bates Motel;TV-14;Parents strongly cautioned. May be unsuitable for children ages 14 and under.;90;2016;1
The Fall;TV-MA;For mature audiences.  May not be suitable for children 17 and under.;110;2016;3
The Blacklist;TV-14;Parents strongly cautioned. May be unsuitable for children ages 14 and under.;90;2016;5
Being Mary Jane: The Series;TV-14;Parents strongly cautioned. May be unsuitable for children ages 14 and under.;90;2016;7
American Crime;TV-14;Parents strongly cautioned. May be unsuitable for children ages 14 and under.;90;2016;5
Madam Secretary;TV-14;Parents strongly cautioned. May be unsuitable for children ages 14 and under.;90;2016;3
Scream;TV-14;Parents strongly cautioned. May be unsuitable for children ages 14 and under.;90;2016;3
The Great British Baking Show;TV-PG;Parental guidance suggested. May not be suitable for all children.;70;2016;7
Quantico;TV-14;Parents strongly cautioned. May be unsuitable for children ages 14 and under.;90;2016;5
Limitless;TV-14;Parents strongly cautioned. May be unsuitable for children ages 14 and under.;90;2016;3
American Crime Story: The People v. O.J. Simpson;TV-MA;For mature audiences.  May not be suitable for children 17 and under.;110;2016;1
No Tomorrow;TV-14;Parents strongly cautioned. May be unsuitable for children ages 14 and under.;90;2016;5
The Doctor Blake Mysteries;TV-MA;For mature audiences.  May not be suitable for children 17 and under.;110;2016;3
Greenleaf;TV-14;Parents strongly cautioned. May be unsuitable for children ages 14 and under.;90;2016;1
Transformers: Rescue Bots;TV-Y7;Suitable for children ages 7 and older;41;2016;3
VeggieTales in the House;TV-Y;Suitable for all ages.;10;2016;3
All Hail King Julien;TV-Y7-FV;Suitable for children ages 7 and older.  Content contains fantasy violence.;42;2016;7
Kong: King of the Apes;TV-Y7-FV;Suitable for children ages 7 and older.  Content contains fantasy violence.;42;2016;5
Trollhunters;TV-Y7-FV;Suitable for children ages 7 and older.  Content contains fantasy violence.;42;2016;5
The Jungle Book;PG;for some sequences of scary action and peril;60;2016;3
The Angry Birds Movie;PG;for rude humor and action;60;2016;5
The Secret Life of Pets;PG;for action and some rude humor;60;2016;7
Marvel's Hulk: Where Monsters Dwell;PG;action violence throughout, some scary images, and language;60;2016;3
Talking Tom and Friends;TV-G;Suitable for all ages.;35;2016;3
Transformers: Rescue Bots;TV-Y7;Suitable for children ages 7 and older;41;2016;5
Ratchet and Clank;PG;action and some rude humor;60;2016;5
All Hail King Julien;TV-Y7-FV;Suitable for children ages 7 and older.  Content contains fantasy violence.;42;2016;3
The Adventures of Puss in Boots;TV-Y7-FV;Suitable for children ages 7 and older.  Content contains fantasy violence.;42;2016;5
Kong: King of the Apes;TV-Y7-FV;Suitable for children ages 7 and older.  Content contains fantasy violence.;42;2016;7
Kulipari: An Army of Frogs;TV-Y7-FV;Suitable for children ages 7 and older.  Content contains fantasy violence.;42;2016;5
Transformers: Robots in Disguise;TV-Y7;Suitable for children ages 7 and older;41;2016;7
LEGO Bionicle: The Journey to One;TV-Y7-FV;Suitable for children ages 7 and older.  Content contains fantasy violence.;42;2016;3
Trollhunters;TV-Y7-FV;Suitable for children ages 7 and older.  Content contains fantasy violence.;42;2016;5
Power Rangers Dino Super Charge;TV-Y7;Suitable for children ages 7 and older;41;2016;1
Skylanders Academy;TV-Y7;Suitable for children ages 7 and older;41;2016;5
Marvel's Hulk: Where Monsters Dwell;PG;action violence throughout, some scary images, and language;60;2016;7
Growing Up Wild;G;;35;2016;5
Lab Rats;TV-Y7;Suitable for children ages 7 and older;41;2016;3
Mother Goose Club;TV-Y;Suitable for all ages.;10;2016;5
Kung Fu Panda 3;PG;martial arts action and some mild rude humor;60;2016;5
Zootopia;PG;some thematic elements, rude humor and action;60;2016;7
The Jungle Book;PG;for some sequences of scary action and peril;60;2016;5
The Land Before Time XIV: Journey of the Brave;G;General Audiences. Suitable for all ages.;35;2016;3
The Angry Birds Movie;PG;for rude humor and action;60;2016;5
Alice Through the Looking Glass;PG;fantasy action/peril and some language;60;2016;7
Finding Dory;PG;mild thematic elements;60;2016;5
The Secret Life of Pets;PG;for action and some rude humor;60;2016;3
Ask the StoryBots;TV-Y;Suitable for all ages.;10;2016;1
Goldie & Bear;TV-Y;Suitable for all ages.;10;2016;5
Little Baby Bum: Nursery Rhyme Friends;TV-Y;Suitable for all ages.;10;2016;7
Talking Tom and Friends;TV-G;Suitable for all ages.;35;2016;1
All Hail King Julien;TV-Y7-FV;Suitable for children ages 7 and older.  Content contains fantasy violence.;42;2016;7
Word Party;TV-Y;Suitable for all ages.;10;2016;3
Zootopia;PG;some thematic elements, rude humor and action;60;2016;1
The Jungle Book;PG;for some sequences of scary action and peril;60;2016;3
The Angry Birds Movie;PG;for rude humor and action;60;2016;5
Finding Dory;PG;mild thematic elements;60;2016;3
The Secret Life of Pets;PG;for action and some rude humor;60;2016;1
Goldie & Bear;TV-Y;Suitable for all ages.;10;2016;3
Talking Tom and Friends;TV-G;Suitable for all ages.;35;2016;5
Kung Fu Panda 3;PG;martial arts action and some mild rude humor;60;2016;3
Bunk'd;TV-G;Suitable for all ages.;35;2016;5
Zootopia;PG;some thematic elements, rude humor and action;60;2016;7
The Jungle Book;PG;for some sequences of scary action and peril;60;2016;5
The Land Before Time XIV: Journey of the Brave;G;General Audiences. Suitable for all ages.;35;2016;1
The Angry Birds Movie;PG;for rude humor and action;60;2016;3
Alice Through the Looking Glass;PG;fantasy action/peril and some language;60;2016;5
The BFG;PG;for action/peril, some scary moments and brief rude humor;60;2016;7
The Secret Life of Pets;PG;for action and some rude humor;60;2016;5
Pete's Dragon;PG;for action, peril and brief language;60;2016;3
Kubo and the Two Strings;PG;thematic elements, scary images, action and peril;60;2016;1
Goldie & Bear;TV-Y;Suitable for all ages.;10;2016;3
Little Baby Bum: Nursery Rhyme Friends;TV-Y;Suitable for all ages.;10;2016;5
Growing Up Wild;G;;35;2016;7
Alpha and Omega: Dino Digs;TV-G;Suitable for all ages.;35;2016;3
Alice Through the Looking Glass;PG;fantasy action/peril and some language;60;2016;5
Quackerz;PG;rude and suggestive humor, and some action;60;2016;7
Kong: King of the Apes;TV-Y7-FV;Suitable for children ages 7 and older.  Content contains fantasy violence.;42;2016;3
Puffin Rock;TV-Y;Suitable for all ages.;10;2016;5
Alpha and Omega: Dino Digs;TV-G;Suitable for all ages.;35;2016;5
The Land Before Time XIV: Journey of the Brave;G;General Audiences. Suitable for all ages.;35;2016;3
The Secret Life of Pets;PG;for action and some rude humor;60;2016;1
LEGO Jurassic World: The Indominus Escape;TV-Y7;Suitable for children ages 7 and older;41;2016;3
Alpha and Omega: Dino Digs;TV-G;Suitable for all ages.;35;2016;3
Alice Through the Looking Glass;PG;fantasy action/peril and some language;60;2016;1
Quackerz;PG;rude and suggestive humor, and some action;60;2016;3
The Land Before Time XIV: Journey of the Brave;G;General Audiences. Suitable for all ages.;35;2016;5
Quackerz;PG;rude and suggestive humor, and some action;60;2016;3
Growing Up Wild;G;;35;2016;1
Alpha and Omega: Dino Digs;TV-G;Suitable for all ages.;35;2016;3
Pup Star;G;General Audiences. Suitable for all ages.;35;2016;7
The BFG;PG;for action/peril, some scary moments and brief rude humor;60;2016;5
The Secret Life of Pets;PG;for action and some rude humor;60;2016;3
Growing Up Wild;G;;35;2016;5
The Vampire Diaries;TV-14;Parents strongly cautioned. May be unsuitable for children ages 14 and under.;90;2017;1
Marvel's Iron Fist;TV-MA;;110;2017;1
Santa Clarita Diet;TV-MA;For mature audiences.  May not be suitable for children 17 and under.;110;2017;3
Girlboss;TV-MA;;110;2017;5
13 Reasons Why;TV-MA;For mature audiences.  May not be suitable for children 17 and under.;110;2017;5
Sand Castle;TV-MA;;110;2017;3
Sandy Wexler;TV-14;;90;2017;3
The Vampire Diaries;TV-14;Parents strongly cautioned. May be unsuitable for children ages 14 and under.;90;2017;1
Marvel's Iron Fist;TV-MA;;110;2017;5
Grace and Frankie;TV-MA;For mature audiences.  May not be suitable for children 17 and under.;110;2017;3
The Get Down;TV-MA;For mature audiences.  May not be suitable for children 17 and under.;110;2017;3
Love;TV-MA;For mature audiences.  May not be suitable for children 17 and under.;110;2017;5
Ingobernable;TV-MA;;110;2017;1
Santa Clarita Diet;TV-MA;For mature audiences.  May not be suitable for children 17 and under.;110;2017;5
Girlboss;TV-MA;;110;2017;5
The Discovery;TV-MA;;110;2017;7
Sand Castle;TV-MA;;110;2017;5
Sandy Wexler;TV-14;;90;2017;3
Chewing Gum;TV-MA;For mature audiences.  May not be suitable for children 17 and under.;110;2017;1
Marvel's Iron Fist;TV-MA;;110;2017;7
Chef's Table;TV-MA;For mature audiences.  May not be suitable for children 17 and under.;110;2017;5
Grace and Frankie;TV-MA;For mature audiences.  May not be suitable for children 17 and under.;110;2017;1
The Get Down;TV-MA;For mature audiences.  May not be suitable for children 17 and under.;110;2017;5
Chelsea;TV-MA;For mature audiences.  May not be suitable for children 17 and under.;110;2017;3
Abstract: The Art of Design;TV-14;;90;2017;5
Crazy Ex-Girlfriend;TV-14;Parents strongly cautioned. May be unsuitable for children ages 14 and under.;90;2017;1
Santa Clarita Diet;TV-MA;For mature audiences.  May not be suitable for children 17 and under.;110;2017;5
Girlboss;TV-MA;;110;2017;3
Hot Girls Wanted: Turned On;TV-MA;;110;2017;1
The Discovery;TV-MA;;110;2017;3
13 Reasons Why;TV-MA;For mature audiences.  May not be suitable for children 17 and under.;110;2017;5
Sandy Wexler;TV-14;;90;2017;7
Chewing Gum;TV-MA;For mature audiences.  May not be suitable for children 17 and under.;110;2017;5
Win It All;TV-MA;;110;2017;3
Amy Schumer: The Leather Special;TV-MA;;110;2017;3
Louis C.K. 2017;TV-MA;;110;2017;5
Dave Chappelle;TV-MA;For mature audiences.  May not be suitable for children 17 and under.;110;2017;7
Grace and Frankie;TV-MA;For mature audiences.  May not be suitable for children 17 and under.;110;2017;1
The Get Down;TV-MA;For mature audiences.  May not be suitable for children 17 and under.;110;2017;5
Love;TV-MA;For mature audiences.  May not be suitable for children 17 and under.;110;2017;7
Crazy Ex-Girlfriend;TV-14;Parents strongly cautioned. May be unsuitable for children ages 14 and under.;90;2017;5
Skins;TV-MA;;110;2017;1
Deidra & Laney Rob a Train;TV-14;;90;2017;3
Girlboss;TV-MA;;110;2017;1
Hot Girls Wanted: Turned On;TV-MA;;110;2017;3
13 Reasons Why;TV-MA;For mature audiences.  May not be suitable for children 17 and under.;110;2017;5
Dave Chappelle;TV-MA;For mature audiences.  May not be suitable for children 17 and under.;110;2017;7
Chef's Table;TV-MA;For mature audiences.  May not be suitable for children 17 and under.;110;2017;5
Grace and Frankie;TV-MA;For mature audiences.  May not be suitable for children 17 and under.;110;2017;7
The Get Down;TV-MA;For mature audiences.  May not be suitable for children 17 and under.;110;2017;3
Sense8;TV-MA;For mature audiences.  May not be suitable for children 17 and under.;110;2017;1
Love;TV-MA;For mature audiences.  May not be suitable for children 17 and under.;110;2017;3
Chelsea;TV-MA;For mature audiences.  May not be suitable for children 17 and under.;110;2017;1
Abstract: The Art of Design;TV-14;;90;2017;3
Crazy Ex-Girlfriend;TV-14;Parents strongly cautioned. May be unsuitable for children ages 14 and under.;90;2017;3
One Day at a Time;TV-PG;Parental guidance suggested. May not be suitable for all children.;70;2017;7
Hot Girls Wanted: Turned On;TV-MA;;110;2017;3
13 Reasons Why;TV-MA;For mature audiences.  May not be suitable for children 17 and under.;110;2017;1
Sandy Wexler;TV-14;;90;2017;5
Chewing Gum;TV-MA;For mature audiences.  May not be suitable for children 17 and under.;110;2017;7
Tramps;TV-MA;;110;2017;3
Slam;TV-MA;;110;2017;1
The Vampire Diaries;TV-14;Parents strongly cautioned. May be unsuitable for children ages 14 and under.;90;2017;5
Grace and Frankie;TV-MA;For mature audiences.  May not be suitable for children 17 and under.;110;2017;3
13 Reasons Why;TV-MA;For mature audiences.  May not be suitable for children 17 and under.;110;2017;1
Amy Schumer: The Leather Special;TV-MA;;110;2017;5
Dave Chappelle;TV-MA;For mature audiences.  May not be suitable for children 17 and under.;110;2017;5
The Vampire Diaries;TV-14;Parents strongly cautioned. May be unsuitable for children ages 14 and under.;90;2017;1
Girlboss;TV-MA;;110;2017;7
13 Reasons Why;TV-MA;For mature audiences.  May not be suitable for children 17 and under.;110;2017;5
Felipe Neto: My Life Makes No Sense;TV-MA;;110;2017;3
The Vampire Diaries;TV-14;Parents strongly cautioned. May be unsuitable for children ages 14 and under.;90;2017;7
Grace and Frankie;TV-MA;For mature audiences.  May not be suitable for children 17 and under.;110;2017;3
Ingobernable;TV-MA;;110;2017;7
Girlboss;TV-MA;;110;2017;5
13 Reasons Why;TV-MA;For mature audiences.  May not be suitable for children 17 and under.;110;2017;3
Marvel's Iron Fist;TV-MA;;110;2017;1
The Vampire Diaries;TV-14;Parents strongly cautioned. May be unsuitable for children ages 14 and under.;90;2017;5
Sense8;TV-MA;For mature audiences.  May not be suitable for children 17 and under.;110;2017;1
Santa Clarita Diet;TV-MA;For mature audiences.  May not be suitable for children 17 and under.;110;2017;3
Girlboss;TV-MA;;110;2017;7
13 Reasons Why;TV-MA;For mature audiences.  May not be suitable for children 17 and under.;110;2017;5
Dinotrux;TV-Y7-FV;Suitable for children ages 7 and older.  Content contains fantasy violence.;42;2017;3
Edgar Rice Burroughs' Tarzan and Jane;TV-Y7-FV;Suitable for children ages 7 and older.  Content contains fantasy violence.;42;2017;5
Dinotrux;TV-Y7-FV;Suitable for children ages 7 and older.  Content contains fantasy violence.;42;2017;1
Edgar Rice Burroughs' Tarzan and Jane;TV-Y7-FV;Suitable for children ages 7 and older.  Content contains fantasy violence.;42;2017;3
Voltron: Legendary Defender;TV-Y7-FV;Suitable for children ages 7 and older.  Content contains fantasy violence.;42;2017;3
Buddy Thunderstruck;TV-PG;Parental guidance suggested. May not be suitable for all children.;70;2017;7
Dragons: Race to the Edge;TV-Y7-FV;Suitable for children ages 7 and older.  Content contains fantasy violence.;42;2017;3
Dawn of the Croods;TV-Y7;Suitable for children ages 7 and older;41;2017;3
Dinotrux;TV-Y7-FV;Suitable for children ages 7 and older.  Content contains fantasy violence.;42;2017;1
Home: Adventures with Tip & Oh;TV-Y7;Suitable for children ages 7 and older;41;2017;3
Dragons: Race to the Edge;TV-Y7-FV;Suitable for children ages 7 and older.  Content contains fantasy violence.;42;2017;1
Dinotrux;TV-Y7-FV;Suitable for children ages 7 and older.  Content contains fantasy violence.;42;2017;7
Home: Adventures with Tip & Oh;TV-Y7;Suitable for children ages 7 and older;41;2017;5
Dragons: Race to the Edge;TV-Y7-FV;Suitable for children ages 7 and older.  Content contains fantasy violence.;42;2017;5
Dinotrux;TV-Y7-FV;Suitable for children ages 7 and older.  Content contains fantasy violence.;42;2017;3
Dinotrux;TV-Y7-FV;Suitable for children ages 7 and older.  Content contains fantasy violence.;42;2017;3
The Mr. Peabody and Sherman Show;TV-Y7;Suitable for children ages 7 and older;41;2017;1
Dawn of the Croods;TV-Y7;Suitable for children ages 7 and older;41;2017;1
